epoch,time,train/box_loss,train/cls_loss,train/dfl_loss,metrics/precision(B),metrics/recall(B),metrics/mAP50(B),metrics/mAP50-95(B),val/box_loss,val/cls_loss,val/dfl_loss,lr/pg0,lr/pg1,lr/pg2
1,34.6282,1.81789,1.7188,1.67343,0.72246,0.38889,0.42639,0.19889,1.91623,1.33134,1.74151,0.000221528,0.000221528,0.000221528
2,64.9968,1.7213,1.27491,1.56774,0.50173,0.47081,0.48232,0.2234,1.81638,1.16663,1.6455,0.00022415,0.00022415,0.00022415
